菜系,常用食材
北京菜,羊肉
北京菜,鸭肉
北京菜,面粉
北京菜,芝麻酱
北京菜,黄酱
北京菜,葱
北京菜,姜
北京菜,蒜
北京菜,白菜
北京菜,豆腐
北京菜,粉条
北京菜,鸡蛋
北京菜,五花肉
北京菜,韭菜
北京菜,黄瓜
北京菜,萝卜
北京菜,豌豆
北京菜,蘑菇
北京菜,木耳
北京菜,糖
本帮江浙菜,河虾
本帮江浙菜,鳝鱼
本帮江浙菜,大闸蟹
本帮江浙菜,笋
本帮江浙菜,莼菜
本帮江浙菜,糯米
本帮江浙菜,黄酒
本帮江浙菜,酱油
本帮江浙菜,糖
本帮江浙菜,葱
本帮江浙菜,姜
本帮江浙菜,火腿
本帮江浙菜,青菜
本帮江浙菜,豆腐
本帮江浙菜,面筋
本帮江浙菜,黄鱼
本帮江浙菜,鲥鱼
本帮江浙菜,莲子
本帮江浙菜,藕
本帮江浙菜,荸荠
川菜,辣椒
川菜,花椒
川菜,郫县豆瓣
川菜,猪肉
川菜,牛肉
川菜,草鱼
川菜,牛蛙
川菜,莴笋
川菜,藕
川菜,土豆
川菜,豆芽
川菜,豆腐
川菜,木耳
川菜,黄瓜
川菜,蒜
川菜,姜
川菜,葱
川菜,香菜
川菜,花生
川菜,芝麻
东北菜,猪肉
东北菜,酸菜
东北菜,粉条
东北菜,土豆
东北菜,白菜
东北菜,豆角
东北菜,玉米
东北菜,大酱
东北菜,葱
东北菜,姜
东北菜,蒜
东北菜,鸡蛋
东北菜,面粉
东北菜,蘑菇
东北菜,木耳
东北菜,冻梨
东北菜,榛蘑
东北菜,排骨
东北菜,豆腐
东北菜,青椒
徽菜,臭鳜鱼
徽菜,火腿
徽菜,笋干
徽菜,香菇
徽菜,木耳
徽菜,豆腐
徽菜,蕨菜
徽菜,腊肉
徽菜,鸡
徽菜,鸭
徽菜,猪肉
徽菜,冬笋
徽菜,板栗
徽菜,芡实
徽菜,莲子
徽菜,香菜
徽菜,葱
徽菜,姜
徽菜,蒜
徽菜,酱油
鲁菜,海参
鲁菜,鲍鱼
鲁菜,对虾
鲁菜,扇贝
鲁菜,葱
鲁菜,姜
鲁菜,蒜
鲁菜,酱油
鲁菜,醋
鲁菜,糖
鲁菜,面粉
鲁菜,鸡蛋
鲁菜,白菜
鲁菜,豆腐
鲁菜,海带
鲁菜,木耳
鲁菜,萝卜
鲁菜,茄子
鲁菜,五花肉
鲁菜,鸡
闽菜,海鱼
闽菜,虾
闽菜,蟹
闽菜,贝类
闽菜,海参
闽菜,鲍鱼
闽菜,鱼翅
闽菜,花胶
闽菜,红糟
闽菜,姜
闽菜,葱
闽菜,蒜
闽菜,笋
闽菜,香菇
闽菜,豆腐
闽菜,荔枝
闽菜,龙眼
闽菜,菠萝
闽菜,面粉
闽菜,糯米
闽菜,花生
闽菜,芋头
台湾菜,海鲜
台湾菜,猪肉
台湾菜,鸡肉
台湾菜,米粉
台湾菜,面线
台湾菜,酱油
台湾菜,糖
台湾菜,九层塔
台湾菜,香菜
台湾菜,葱
台湾菜,姜
台湾菜,蒜
台湾菜,高丽菜
台湾菜,竹笋
台湾菜,豆腐
台湾菜,花生
台湾菜,芋头
台湾菜,凤梨
台湾菜,芒果
台湾菜,莲雾
西北菜,羊肉
西北菜,牛肉
西北菜,面粉
西北菜,孜然
西北菜,辣椒
西北菜,洋葱
西北菜,土豆
西北菜,胡萝卜
西北菜,白菜
西北菜,豆腐
西北菜,粉条
西北菜,葱
西北菜,姜
西北菜,蒜
西北菜,香菜
西北菜,枸杞
西北菜,红枣
西北菜,核桃
西北菜,葡萄
西北菜,杏干
湘菜,辣椒
湘菜,剁椒
湘菜,腊肉
湘菜,腊鱼
湘菜,土鸡
湘菜,牛蛙
湘菜,鳝鱼
湘菜,冬笋
湘菜,烟笋
湘菜,木耳
湘菜,香菇
湘菜,豆腐
湘菜,鸡蛋
湘菜,葱
湘菜,姜
湘菜,蒜
湘菜,香菜
湘菜,花生
湘菜,芝麻
湘菜,豆豉
新疆菜,羊肉
新疆菜,牛肉
新疆菜,面粉
新疆菜,孜然
新疆菜,辣椒
新疆菜,洋葱
新疆菜,胡萝卜
新疆菜,番茄
新疆菜,葡萄
新疆菜,核桃
新疆菜,杏干
新疆菜,奶
新疆菜,鸡蛋
新疆菜,葱
新疆菜,姜
新疆菜,蒜
新疆菜,香菜
新疆菜,鹰嘴豆
新疆菜,馕
粤菜,海鱼
粤菜,虾
粤菜,蟹
粤菜,贝类
粤菜,鸡
粤菜,鸭
粤菜,猪肉
粤菜,牛肉
粤菜,菜心
粤菜,芥蓝
粤菜,冬瓜
粤菜,陈皮
粤菜,姜
粤菜,葱
粤菜,蒜
粤菜,酱油
粤菜,蚝油
粤菜,糖
粤菜,淀粉
粤菜,面粉
粤菜,糯米
粤菜,荔枝
粤菜,杨桃
云南菜,野生菌
云南菜,米线
云南菜,饵块
云南菜,玫瑰
云南菜,茉莉
云南菜,酸角
云南菜,柠檬
云南菜,香茅草
云南菜,薄荷
云南菜,猪肉
云南菜,鸡肉
云南菜,牛肉
云南菜,青菜
云南菜,豌豆尖
云南菜,葱
云南菜,姜
云南菜,蒜
云南菜,香菜
云南菜,辣椒